[
    {
    "id": "definitely-not-fried-chicken",
    "platform": "epic",
    "title": "Definitely Not Fried Chicken",
    "image": "https://shared.akamai.steamstatic.com/store_item_assets/steam/apps/1036240/header.jpg?t=1749037531",
    "description": "Crown Champion: Legends of the Arena is a fantasy RPG/Management simulator set in the ruthless world of gladiatorial combat. Develop your academy and train your fighters. Increase your power and influence in the realm. Reap the rewards of your labours.",
    "claimUrl": "https://store.epicgames.com/en-US/p/definitely-not-fried-chicken-a30160",
    "startDate": "2026-01-29T21:30:00",
    "endDate": "2026-02-05T21:30:00"
  },
   {
    "id": "Crown_Champion_Legends_of_the_Arena",
    "platform": "steam",
    "title": "Crown Champion: Legends of the Arena",
    "image": "https://shared.fastly.steamstatic.com/store_item_assets/steam/apps/527710/header.jpg?t=1768832289",
    "description": "Crown Champion: Legends of the Arena is a fantasy RPG/Management simulator set in the ruthless world of gladiatorial combat. Develop your academy and train your fighters. Increase your power and influence in the realm. Reap the rewards of your labours.",
    "claimUrl": "https://store.steampowered.com/app/527710/Crown_Champion_Legends_of_the_Arena/",
    "startDate": "2026-01-19T23:30:00",
    "endDate": "2026-01-22T23:30:00"
  },
    {
    "id": "Battle_Simulator_Counter_Stickman",
    "platform": "steam",
    "title": "Battle Simulator: Counter Stickman",
    "image": "https://shared.fastly.steamstatic.com/store_item_assets/steam/apps/2623090/header.jpg?t=1768846588",
    "description": "The stickmen must strike at the terror enemy stickmen in this Battle Simulator",
    "claimUrl": "https://store.steampowered.com/app/2623090/Battle_Simulator_Counter_Stickman/",
    "startDate": "2026-01-19T23:30:00",
    "endDate": "2026-01-22T23:30:00"
  },
   {
    "id": "smart_factory_tycoon",
    "platform": "steam",
    "title": "Smart Factory Tycoon",
    "image": "https://shared.fastly.steamstatic.com/store_item_assets/steam/apps/1755300/header.jpg?t=1768580620",
    "description": "Smart Factory Tycoon inspired by Little Big Workshop is a tycoon management game about running your dream factory with robots. Design your dream factory, plan all steps of production, research new technologies and become a tycoon!",
    "claimUrl": "https://store.steampowered.com/app/1755300/Smart_Factory_Tycoon",
    "startDate": "2026-01-17T23:30:00",
    "endDate": "2026-01-20T23:30:00"
  },
   {
    "id": "rustler-grand-theft-horse",
    "platform": "epic",
    "title": "Rustler (Grand Theft Horse)",
    "image": "https://shared.fastly.steamstatic.com/store_item_assets/steam/apps/844260/header.jpg?t=1754054367",
    "description": "Become a medieval thug in a crazy open-world action game, full of pop-culture references. Complete insane quests, kill heroes, steal horses, fight guards, rob peasants, listen to some bard music, and much more! All packed in old-school gameplay style!",
    "claimUrl": "https://store.epicgames.com/en-US/p/rustler-grand-theft-horse-21a7ca",
    "startDate": "2026-01-22T21:30:00",
    "endDate": "2026-01-29T21:30:00"
  },
    {
    "id": "initial_drift_online",
    "platform": "steam",
    "title": "Initial Drift Online",
    "image": "https://shared.fastly.steamstatic.com/store_item_assets/steam/apps/1456200/header.jpg?t=1767030563",
    "description": "Drift over some of Japan's most legendary mountain passes, compete against your friends or players from around the world in epic battles, make deliveries, buy new cars and set records in the world rankings!",
    "claimUrl": "https://store.steampowered.com/app/1456200/Initial_Drift_Online/",
    "startDate": "2026-01-13T23:30:00",
    "endDate": "2026-01-18T23:30:00"
  },
   {
    "id": "styx-shards-of-darkness",
    "platform": "epic",
    "title": "Styx: Shards of Darkness",
    "image": "https://shared.fastly.steamstatic.com/store_item_assets/steam/apps/355790/header.jpg?t=1760704209",
    "description": "Styx returns in a new stealth adventure! Explore and master huge open environments, sneak past or assassinate new enemies and bosses, and experiment with the new array of lethal abilities and weapons in our goblin assassin's arsenal.",
    "claimUrl": "https://store.epicgames.com/en-US/p/styx-shards-of-darkness-77c030",
    "startDate": "2026-01-15T21:30:00",
    "endDate": "2026-01-22T21:30:00"
  },
  {
    "id": "/styx-master-of-shadows",
    "platform": "epic",
    "title": "Styx: Master of Shadows",
    "image": "https://shared.fastly.steamstatic.com/store_item_assets/steam/apps/242640/header.jpg?t=1760704207",
    "description": "Styx: Master of Shadows is an infiltration game with RPG elements taking place in a dark fantasy universe, where you sneak, steal and assassinate your way through as Styx, a Goblin two-centuries of age.",
    "claimUrl": "https://store.epicgames.com/en-US/p/styx-master-of-shadows-4d9ab3",
    "startDate": "2026-01-15T21:30:00",
    "endDate": "2026-01-22T21:30:00"
  },
  {
    "id": "Billies_Wheelie",
    "platform": "steam",
    "title": "Billie's Wheelie",
    "image": "https://shared.fastly.steamstatic.com/store_item_assets/steam/apps/3180310/dd4e9730698b83c29b291372dbc3720722d271f4/header.jpg?t=1764700610",
    "description": "Billie's Wheelie is an adventure racing platformer game, You can play it with up to 8 players Co-op/PvP, Playing as a hamster in his ball trying to beat all challenges, Collecting all cheese pieces for rewards, And beating your friend's time records.",
    "claimUrl": "https://store.steampowered.com/app/3180310/Billies_Wheelie/",
    "startDate": "2026-01-03T23:30:00",
    "endDate": "2026-01-10T23:30:00"
  },
   {
    "id": "bloons-td-6",
    "platform": "epic",
    "title": "Bloons TD 6",
    "image": "https://shared.akamai.steamstatic.com/store_item_assets/steam/apps/960090/header.jpg?t=1761619015",
    "description": "Mega Popular Tower Defense Game",
    "claimUrl": "https://store.epicgames.com/en-US/p/bloons-td-6-bf95a0",
    "startDate": "2026-01-08T21:30:00",
    "endDate": "2026-01-15T21:30:00"
  },
   {
    "id": "wildgate-standard-edition",
    "platform": "epic",
    "title": "Wildgate",
    "image": "https://shared.akamai.steamstatic.com/store_item_assets/steam/apps/3504780/d8303ff52c1f79704e32bb91e104cea36bda1dcb/header_alt_assets_8.jpg?t=1766083161",
    "description": "Wildgate is a PvPvE multiplayer shooter that blends tactical ship-to-ship combat with fast-paced first-person action.",
    "claimUrl": "https://store.epicgames.com/en-US/p/wildgate-standard-edition-b886b5",
    "startDate": "2026-01-01T21:30:00",
    "endDate": "2026-01-08T21:30:00"
  },
  {
    "id": "total-war-three-kingdoms",
    "platform": "epic",
    "title": "Total War: THREE KINGDOMS",
    "image": "https://shared.akamai.steamstatic.com/store_item_assets/steam/apps/779340/header.jpg?t=1763646247",
    "description": "Total War: THREE KINGDOMS recreates epic conflict across ancient China in an age of heroes and legends, combining gripping empire-building, statecraft and conquest with stunning real-time battles.",
    "claimUrl": "https://store.epicgames.com/en-US/p/total-war-three-kingdoms-d3bb7a",
    "startDate": "2026-01-01T21:30:00",
    "endDate": "2026-01-08T21:30:00"
  },
  {
    "id": "chivalry-2",
    "platform": "epic",
    "title": "Chivalry 2",
    "image": "https://shared.fastly.steamstatic.com/store_item_assets/steam/apps/1824220/header.jpg?t=1744201613",
    "description": "Chivalry 2 is a multiplayer first person slasher inspired by epic medieval movie battles. Players are thrust into the action of every iconic moment of the era - from clashing swords, to storms of flaming arrows, to sprawling castle sieges and more.",
    "claimUrl": "https://store.epicgames.com/en-US/p/chivalry-2",
    "startDate": "2025-12-31T21:30:00",
    "endDate": "2026-01-01T21:30:00"
  },
  {
    "id": "trine-classic-collection",
    "platform": "epic",
    "title": "Trine Classic Collection",
    "image": "https://cdn2.unrealengine.com/trine-classic-collection-1920x1080-w-games-1920x1080-f6f11a5dd68b.png?resize=1&w=1920&h=1080&quality=medium",
    "description": "Experience the magic of the puzzle-platforming Trine series with Trine Classic Collection. Includes four titles: Trine Enchanted Edition, Trine 2: Complete Story, Trine 3: Artifacts of Power and Trine 4: Definitive Edition.",
    "claimUrl": "https://store.epicgames.com/en-US/bundles/trine-classic-collection",
    "startDate": "2025-12-30T21:30:00",
    "endDate": "2025-12-31T21:30:00"
  },
  {
    "id": "viewfinder",
    "platform": "epic",
    "title": "Viewfinder",
    "image": "https://shared.fastly.steamstatic.com/store_item_assets/steam/apps/1382070/a69eb56f73446624325dec8a4fe74dc4ae09fb96/header.jpg?t=1764842475",
    "description": "Challenge perception, redefine reality, and reshape the world around you with an instant camera.",
    "claimUrl": "https://store.epicgames.com/en-US/p/viewfinder-61691c",
    "startDate": "2025-12-29T21:30:00",
    "endDate": "2025-12-30T21:30:00"
  },
  {
    "id": "skald-against-the-black-priory",
    "platform": "epic",
    "title": "SKALD: Against the Black Priory",
    "image": "https://shared.fastly.steamstatic.com/store_item_assets/steam/apps/1069160/header.jpg?t=1766090307",
    "description": "SKALD is a retro-style party-based RPG set in a grim-dark fantasy world of tragic heroes, violent deaths and Lovecraftian horror.",
    "claimUrl": "https://store.epicgames.com/en-US/p/skald-against-the-black-priory-cffcc0",
    "startDate": "2025-12-28T21:30:00",
    "endDate": "2025-12-29T21:30:00"
  },
   {
    "id": "cassette-beasts",
    "platform": "epic",
    "title": "Cassette Beasts",
    "image": "https://shared.fastly.steamstatic.com/store_item_assets/steam/apps/1321440/header.jpg?t=1766461574",
    "description": "Collect awesome monsters to use during turn-based battles in this open-world RPG, now with online multiplayer mode.",
    "claimUrl": "https://store.epicgames.com/en-US/p/cassette-beasts-32c8e0",
    "startDate": "2025-12-27T21:30:00",
    "endDate": "2025-12-28T21:30:00"
  },
  {
    "id": "we-were-here-together",
    "platform": "epic",
    "title": "We Were Here Together",
    "image": "https://shared.fastly.steamstatic.com/store_item_assets/steam/apps/865360/header.jpg?t=1764330773",
    "description": "As we explore these frozen wastes, misfortune strikes once again. Through the fierce blizzard, a flare lights the sky, followed by a cry for help over the radio - broken, dying..",
    "claimUrl": "https://store.epicgames.com/en-US/p/we-were-here-together-6a6d66",
    "startDate": "2025-12-26T21:30:00",
    "endDate": "2025-12-27T21:30:00"
  },
  {
    "id": "Caveman_World_Mountains_of_Unga_Boonga",
    "platform": "steam",
    "title": "Caveman World: Mountains of Unga Boonga",
    "image": "https://shared.akamai.steamstatic.com/store_item_assets/steam/apps/462960/header.jpg?t=1765914816",
    "description": "Caveman World: Mountains of Unga Boonga is a retro inspired platformer adventure game set in fantasy prehistoric time.",
    "claimUrl": "https://store.steampowered.com/app/462960/Caveman_World_Mountains_of_Unga_Boonga/",
    "startDate": "2025-12-25T23:30:00",
    "endDate": "2025-12-30T23:30:00"
  },
  {
    "id": "disco-elysium",
    "platform": "epic",
    "title": "Disco Elysium - The Final Cut",
    "image": "https://shared.akamai.steamstatic.com/store_item_assets/steam/apps/632470/header.jpg?t=1727256511",
    "description": "Disco Elysium - The Final Cut is a groundbreaking role playing game. You’re a detective with a unique skill system at your disposal.",
    "claimUrl": "http://store.epicgames.com/en-US/p/disco-elysium",
    "startDate": "2025-12-25T21:30:00",
    "endDate": "2025-12-26T21:30:00"
  },
  {
    "id": "the-callisto-protocol",
    "platform": "epic",
    "title": "The Callisto Protocol",
    "image": "https://shared.akamai.steamstatic.com/store_item_assets/steam/apps/1544020/header.jpg?t=1760331403",
    "description": "Survive to escape the horrors of Callisto. Using a unique blend of shooting and close-quarters combat, players will need to combat rapidly evolving creatures while scavenging to unlock new weapons and gear to outrun the growing threat of Jupiter's Dead Moon.",
    "claimUrl": "https://store.epicgames.com/en-US/p/the-callisto-protocol",
    "startDate": "2025-12-24T21:30:00",
    "endDate": "2025-12-25T21:30:00"
  },
  {
    "id": "snk-40th-anniversary-collection",
    "platform": "onstove",
    "title": "SNK 40th Anniversary Collection",
    "image": "https://shared.fastly.steamstatic.com/store_item_assets/steam/apps/865940/header.jpg?t=1718093041",
    "description": "SNK 40th Anniversary Collection is the ultimate collection of classic arcade games from SNK's golden age with 24 different nostalgic titles back from the 1980s",
    "claimUrl": "https://store.onstove.com/en/games/4334",
    "startDate": "2025-12-25T06:30:00",
    "endDate": "2026-01-01T01:59:00"
  },
  {
    "id": "bloodstained",
    "platform": "epic",
    "title": "Bloodstained: Ritual of the Night",
    "image": "https://shared.akamai.steamstatic.com/store_item_assets/steam/apps/692850/header.jpg?t=1750409671",
    "description": "Igavania Returns! Play as Miriam, an orphan scarred by an alchemist's curse which slowly crystallizes her body.",
    "claimUrl": "https://store.epicgames.com/en-US/p/bloodstained-f3f575",
    "startDate": "2025-12-23T21:30:00",
    "endDate": "2025-12-24T21:30:00"
  },
  {
    "id": "train-sim-world-dlc",
    "platform": "steam",
    "title": "Train Sim World® 6: Spirit of Steam: Liverpool Lime Street - Crewe Route Add-On",
    "image": "https://shared.akamai.steamstatic.com/store_item_assets/steam/apps/3662830/0b96c668a9ed285f233a68297b1b86aaf96eefe0/header.jpg?t=1764616402",
    "description": "This content requires the base game Train Sim World® 6 on Steam in order to play.",
    "claimUrl": "https://store.steampowered.com/app/3662830/Train_Sim_World_6_Spirit_of_Steam_Liverpool_Lime_Street__Crewe_Route_AddOn/",
    "startDate": "2025-12-22T23:30:00",
    "endDate": "2026-01-05T23:30:00"
  },
  {
    "id": "paradise-killer",
    "platform": "epic",
    "title": "Paradise Killer",
    "image": "https://shared.fastly.steamstatic.com/store_item_assets/steam/apps/1796580/header.jpg?t=1765992644",
    "description": "Paradise Island, a world outside reality. There’s been a murder only investigation freak Lady Love Dies can solve.",
    "claimUrl": "https://store.epicgames.com/en-US/p/paradise-killer-c3ea1c",
    "startDate": "2025-12-22T21:30:00",
    "endDate": "2025-12-23T21:30:00"
  },
  {
    "id": "the-deed-dynasty",
    "platform": "steam",
    "title": "The Deed: Dynasty",
    "image": "https://shared.fastly.steamstatic.com/store_item_assets/steam/apps/460960/header.jpg?t=1765914797",
    "description": "Getting away with murder has never been easy. These three members of a proud and noble family are separated by five centuries, but have in common a vengeful and murderous intent. Plans must be formed, blood must be spilled and evidence must be planted ...",
    "claimUrl": "https://store.steampowered.com/app/460960/The_Deed_Dynasty/",
    "startDate": "2025-12-21T23:30:00",
    "endDate": "2025-12-25T23:30:00"
  },
  {
    "id": "sorry-we-are-closed",
    "platform": "epic",
    "title": "Sorry We're Closed",
    "image": "https://shared.fastly.steamstatic.com/store_item_assets/steam/apps/1796580/header.jpg?t=1765992644",
    "description": "Sorry We're Closed is a nostalgic, single-player survival horror game with rich lore, deep characters and multiple endings. Fight in first person with demonic weapons. Open your Third Eye to see between worlds, uncover secrets and solve puzzles.",
    "claimUrl": "https://store.epicgames.com/en-US/p/sorry-were-closed-724c86",
    "startDate": "2025-12-21T21:30:00",
    "endDate": "2025-12-22T21:30:00"
  },
  {
    "id": "blood-west",
    "platform": "epic",
    "title": "Blood West",
    "image": "https://shared.fastly.steamstatic.com/store_item_assets/steam/apps/1587130/header.jpg?t=1766197343",
    "description": "Weird west legends meet eldritch horror in BLOOD WEST, an immersive stealth FPS. Become the Undead Gunslinger, doomed to roam the barren lands until he manages to purge their curse, freeing his soul.",
    "claimUrl": "https://store.epicgames.com/en-US/p/blood-west-8f6ffd",
    "startDate": "2025-12-20T21:30:00",
    "endDate": "2025-12-21T21:30:00"
  },
  {
    "id": "undercroft-warriors",
    "platform": "steam",
    "title": "Underecroft Warriors",
    "image": "https://shared.fastly.steamstatic.com/store_item_assets/steam/apps/2547140/header.jpg?t=1763502052",
    "description": "Crush the forces of hell and get a high score in this addictive, action-packed, arcade-inspired twin-stick shooter!",
    "claimUrl": "https://store.steampowered.com/app/2547140/Undercroft_warriors/",
    "startDate": "2025-12-20T23:30:00",
    "endDate": "2025-12-31T23:30:00"
  },
  {
    "id": "eternights",
    "platform": "epic",
    "title": "Eternights",
    "image": "https://shared.fastly.steamstatic.com/store_item_assets/steam/apps/1402110/header.jpg?t=1759232313",
    "description": "Eternights is a dating action game where you try to make the most out of life during the apocalypse. Monday: Go on a date. Tuesday: Clear dungeon. Friday: Freak out! The clock is ticking!!",
    "claimUrl": "https://store.epicgames.com/en-US/p/eternights-c2fbca",
    "startDate": "2025-12-19T21:30:00",
    "endDate": "2025-12-20T21:30:00"
  },
   {
    "id": "banana-hell-mountain-of-madness",
    "platform": "steam",
    "title": "Banana Hell: Mountain of Madness",
    "image": "https://shared.fastly.steamstatic.com/store_item_assets/steam/apps/2068520/header.jpg?t=1766020401",
    "description": "Jump your way to get the blue diamond as you try to survive a very annoying banana monologue! A REALLY HARD game!",
    "claimUrl": "https://store.steampowered.com/app/2068520/Banana_Hell_Mountain_of_Madness/",
    "startDate": "2025-12-19T23:30:00",
    "endDate": "2025-12-22T12:30:00"
  },
   {
    "id": "jotunnslayer-hordes-of-hel",
    "platform": "epic",
    "title": "Jotunnslayer: Hordes of Hel",
    "image": "https://shared.fastly.steamstatic.com/store_item_assets/steam/apps/2820820/aec793cf08d32c4966bc21cc72bd3b36ff5b20a6/header_alt_assets_4.jpg?t=1765983939",
    "description": "Hordes of Hel is a gripping roguelike horde-survivor game set in the dark realms of Norse Mythology.",
    "claimUrl": "https://store.epicgames.com/en-US/p/jotunnslayer-hordes-of-hel-3579b3",
    "startDate": "2025-12-18T21:30:00",
    "endDate": "2025-12-19T21:30:00"
  },
  {
    "id": "toy-tinker-simulator",
    "platform": "steam",
    "title": "Toy Tinker Simulator",
    "image": "https://shared.fastly.steamstatic.com/store_item_assets/steam/apps/1510580/header.jpg?t=1766051622",
    "description": "Have you ever wanted to be a toy tinker? This is a unique chance to become one! Repair toys and start your toy-museums to make everyone happy!",
    "claimUrl": "https://store.steampowered.com/app/1510580/Toy_Tinker_Simulator/",
    "startDate": "2025-12-18T23:30:00",
    "endDate": "2025-12-21T23:30:00"
  },
  {
    "id": "100%-orange-juice",
    "platform": "steam",
    "title": "100% Orange Juice",
    "image": "https://shared.fastly.steamstatic.com/store_item_assets/steam/apps/282800/74b8f808c2ea623f9aee9ed20c6d76c7e536e137/header.jpg?t=1766086237",
    "description": "100% Orange Juice is a digital multiplayer board game populated by developer Orange Juice's all-star cast.",
    "claimUrl": "https://store.steampowered.com/app/282800/100_Orange_Juice/",
    "startDate": "2025-12-18T23:30:00",
    "endDate": "2025-12-22T23:30:00"
  },
  {
    "id": "rat-quest",
    "platform": "steam",
    "title": "Rat Quest",
    "image": "https://shared.fastly.steamstatic.com/store_item_assets/steam/apps/2952470/efd77acebd190f5588262c9b1cbe8c38dbdec638/header.jpg?t=1763754651",
    "description": "In this platformer, jumping will be your main mechanic as you climb the level, each jump matters, if you miss a jump, you have to restart. You may be small but so are the platforms.",
    "claimUrl": "https://store.steampowered.com/app/2952470/Rat_Quest/",
    "startDate": "2025-12-18T23:30:00",
    "endDate": "2025-12-25T23:30:00"
  },
  {
    "id": "hogwarts-legacy",
    "platform": "epic",
    "title": "Hogwarts Legacy",
    "image": "https://shared.fastly.steamstatic.com/store_item_assets/steam/apps/990080/a3cdc6f40d97df8ac993679c2dd1edeb5222421e/header.jpg?t=1765473525",
    "description": "Hogwarts Legacy is an immersive, open-world action RPG. Now you can take control of the action and be at the center of your own adventure in the wizarding world.",
    "claimUrl": "https://store.epicgames.com/en-US/p/hogwarts-legacy",
    "startDate": "2025-12-12T08:30:00",
    "endDate": "2025-12-18T21:30:00"
  },
  {
    "id": "wild-terra-2-new-lands",
    "platform": "steam",
    "title": "Wild Terra 2: New Lands",
    "image": "https://shared.fastly.steamstatic.com/store_item_assets/steam/apps/1134700/07763518d7a4ca5cd3ca53a670f955b90efeb333/header_alt_assets_5.jpg?t=1765908364",
    "description": "MMORPG full of details that create a unique immersion and the spirit of adventure! Play your role in the life-filled medieval world controlled by players.",
    "claimUrl": "https://store.steampowered.com/app/1134700/Wild_Terra_2_New_Lands/",
    "startDate": "2025-12-16T23:30:00",
    "endDate": "2025-12-18T23:30:00"
  },
  {
    "id": "one-gun-guy",
    "platform": "steam",
    "title": "One Gun Guy",
    "image": "https://shared.fastly.steamstatic.com/store_item_assets/steam/apps/1200580/header.jpg?t=1765221829",
    "description": "One Gun Guy is a straight forward no nonsense action platformer, one giant level littered with player upgrades, hazards to tackle, enemies to destroy, a boss to kill, and multiple difficulty settings.",
    "claimUrl": "https://store.steampowered.com/app/1200580/One_Gun_Guy/",
    "startDate": "2025-12-15T23:30:00",
    "endDate": "2025-12-18T23:30:00"
  },	
  {
    "id": "just-ignore-them",
    "platform": "steam",
    "title": "Just Ignore Them",
    "image": "https://shared.fastly.steamstatic.com/store_item_assets/steam/apps/561770/header.jpg?t=1765458102",
    "description": "One night can feel like a lifetime of pain, suffering and horror to a child...do you have what it takes to survive the night? Play as an 8 year old child who is tormented by monsters in his house. Your choices make his future which lives can be saved or ended.",
    "claimUrl": "https://store.steampowered.com/app/561770/Just_Ignore_Them/",
    "startDate": "2025-12-11T23:30:00",
    "endDate": "2025-12-15T23:30:00"
  },
  {
    "id": "black-desert",
    "platform": "steam",
    "title": "Black Desert",
    "image": "https://shared.fastly.steamstatic.com/store_item_assets/steam/apps/582660/header.jpg?t=1758315448",
    "description": "However, this offer is region-limited, So these are the regions who are unable to redeem this offer: South Asia , South Korea, China, Israel",    
    "claimUrl": "https://store.steampowered.com/app/561770/Just_Ignore_Them/?curator_clanid=4777282",
    "startDate": "2025-12-12T23:30:00",
    "endDate": "2025-12-18T23:30:00"
  },
  {
    "id": "darkside-detective",
    "platform": "epic",
    "title": "The Darkside Detective",
    "image": "https://shared.akamai.steamstatic.com/store_item_assets/steam/apps/368390/header.jpg?t=1751347179",
    "description": "Grab your trench coat, tune your sixth sense and join the Darkside Division as they investigate the outright bizarre cases of Twin Lakes.",
    "claimUrl": "https://store.epicgames.com/en-US/p/the-darkside-detective-02fd5a",
    "startDate": "2025-12-04T21:30:00",
    "endDate": "2025-12-11T22:30:00"
  },
  {
    "id": "the-jackbox-party-pack-4",
    "platform": "epic",
    "title": "The Jackbox Party Pack 4",
    "image": "https://shared.akamai.steamstatic.com/store_item_assets/steam/apps/610180/header.jpg?t=1728584458",
    "description": "The fourth pack in this storied party game franchise features Fibbage 3 and its new game mode, Fibbage: Enough About You;..",
    "claimUrl": "",
    "startDate": "2025-12-04T21:30:00",
    "endDate": "2025-12-11T22:30:00"
  },
  {
    "id": "immortal-fenyx-rising",
    "platform": "ubisoft",
    "title": "Immortals Fenyx Rising",
    "image": "https://shared.fastly.steamstatic.com/store_item_assets/steam/apps/2221920/header.jpg?t=1751969539",
    "description": "Immortals Fenyx Rising brings grand mythological adventure to life. Play as Fenyx on a quest to save the Greek gods.",
    "claimUrl": "https://store.epicgames.com/en-US/p/the-darkside-detective-02fd5a",
    "startDate": "2025-12-01T21:30:00",
    "endDate": "2025-12-02T22:30:00"
  }
]